{
  "model_name": "Gradient Boosting Regressor",
  "features": [
    "年齢",
    "性別",
    "K(AVG)",
    "AL",
    "LT",
    "ACD"
  ],
  "performance": {
    "test_r2": 0.9249208740723444,
    "test_rmse": 0.9478998753809316,
    "test_mae": 0.7010617509828458
  },
  "training_samples": 424,
  "feature_importance": {
    "年齢": 0.015014176872661869,
    "性別": 0.001106511494367783,
    "K（AVG）": 0.11356329277107093,
    "AL": 0.8439551326908619,
    "LT": 0.017239269767147007,
    "ACD": 0.00912161640389078
  }
}